{"cameraMode":{"drawMode":0,"name":"Shaded","section":"Shading Mode"},"sceneLighting":true,"audioPlay":false,"sceneViewState":{"m_AlwaysRefresh":false,"showFog":true,"showSkybox":true,"showFlares":true,"showImageEffects":true,"showParticleSystems":true,"showVisualEffectGraphs":true,"m_FxEnabled":true},"in2DMode":false,"pivot":{"x":3.947617530822754,"y":8.51199722290039,"z":-33.318382263183597},"rotation":{"x":0.002813150407746434,"y":0.9967402219772339,"z":0.07007694989442826,"w":-0.040089402347803119},"size":28.886003494262697,"orthographic":false}